<?xml version="1.0" encoding="UTF-8"?>
<project-private xmlns="http://www.netbeans.org/ns/project-private/1">
    <editor-bookmarks xmlns="http://www.netbeans.org/ns/editor-bookmarks/2" lastBookmarkId="0"/>
    <open-files xmlns="http://www.netbeans.org/ns/projectui-open-files/2">
        <group>
            <file>file:/H:/JavaExample/CovidInfoPortal/src/java/RegistrationServlet.java</file>
            <file>file:/H:/JavaExample/CovidInfoPortal/web/registration.jsp</file>
            <file>file:/H:/JavaExample/CovidInfoPortal/web/index.jsp</file>
        </group>
    </open-files>
</project-private>
